Tarih,Ürün Adı,Fiyat,Stok Durumu
2026-07-05 18:23:44,It's Only the Himalayas,Â£45.17,In stock
2026-07-05 18:23:44,Full Moon over Noahâs Ark: An Odyssey to Mount Ararat and Beyond,Â£49.43,In stock
2026-07-05 18:23:44,See America: A Celebration of Our National Parks & Treasured Sites,Â£48.87,In stock
2026-07-05 18:23:44,Vagabonding: An Uncommon Guide to the Art of Long-Term World Travel,Â£36.94,In stock
2026-07-05 18:23:44,Under the Tuscan Sun,Â£37.33,In stock
2026-07-05 18:23:44,A Summer In Europe,Â£44.34,In stock
2026-07-05 18:23:44,The Great Railway Bazaar,Â£30.54,In stock
2026-07-05 18:23:44,A Year in Provence (Provence #1),Â£56.88,In stock
2026-07-05 18:23:44,The Road to Little Dribbling: Adventures of an American in Britain (Notes From a Small Island #2),Â£23.21,In stock
2026-07-05 18:23:44,Neither Here nor There: Travels in Europe,Â£38.95,In stock
2026-07-05 18:23:44,"1,000 Places to See Before You Die",Â£26.08,In stock
2026-07-05 18:28:49,It's Only the Himalayas,Â£45.17,In stock
2026-07-05 18:28:49,Full Moon over Noahâs Ark: An Odyssey to Mount Ararat and Beyond,Â£49.43,In stock
2026-07-05 18:28:49,See America: A Celebration of Our National Parks & Treasured Sites,Â£48.87,In stock
2026-07-05 18:28:49,Vagabonding: An Uncommon Guide to the Art of Long-Term World Travel,Â£36.94,In stock
2026-07-05 18:28:49,Under the Tuscan Sun,Â£37.33,In stock
2026-07-05 18:28:49,A Summer In Europe,Â£44.34,In stock
2026-07-05 18:28:49,The Great Railway Bazaar,Â£30.54,In stock
2026-07-05 18:28:49,A Year in Provence (Provence #1),Â£56.88,In stock
2026-07-05 18:28:49,The Road to Little Dribbling: Adventures of an American in Britain (Notes From a Small Island #2),Â£23.21,In stock
2026-07-05 18:28:49,Neither Here nor There: Travels in Europe,Â£38.95,In stock
2026-07-05 18:28:49,"1,000 Places to See Before You Die",Â£26.08,In stock
2026-07-06 17:58:30,It's Only the Himalayas,Â£45.17,In stock
2026-07-06 17:58:30,Full Moon over Noahâs Ark: An Odyssey to Mount Ararat and Beyond,Â£49.43,In stock
2026-07-06 17:58:30,See America: A Celebration of Our National Parks & Treasured Sites,Â£48.87,In stock
2026-07-06 17:58:30,Vagabonding: An Uncommon Guide to the Art of Long-Term World Travel,Â£36.94,In stock
2026-07-06 17:58:30,Under the Tuscan Sun,Â£37.33,In stock
2026-07-06 17:58:30,A Summer In Europe,Â£44.34,In stock
2026-07-06 17:58:30,The Great Railway Bazaar,Â£30.54,In stock
2026-07-06 17:58:30,A Year in Provence (Provence #1),Â£56.88,In stock
2026-07-06 17:58:30,The Road to Little Dribbling: Adventures of an American in Britain (Notes From a Small Island #2),Â£23.21,In stock
2026-07-06 17:58:30,Neither Here nor There: Travels in Europe,Â£38.95,In stock
2026-07-06 17:58:30,"1,000 Places to See Before You Die",Â£26.08,In stock
2026-07-07 17:25:57,It's Only the Himalayas,Â£45.17,In stock
2026-07-07 17:25:57,Full Moon over Noahâs Ark: An Odyssey to Mount Ararat and Beyond,Â£49.43,In stock
2026-07-07 17:25:57,See America: A Celebration of Our National Parks & Treasured Sites,Â£48.87,In stock
2026-07-07 17:25:57,Vagabonding: An Uncommon Guide to the Art of Long-Term World Travel,Â£36.94,In stock
2026-07-07 17:25:57,Under the Tuscan Sun,Â£37.33,In stock
2026-07-07 17:25:57,A Summer In Europe,Â£44.34,In stock
2026-07-07 17:25:57,The Great Railway Bazaar,Â£30.54,In stock
2026-07-07 17:25:57,A Year in Provence (Provence #1),Â£56.88,In stock
2026-07-07 17:25:57,The Road to Little Dribbling: Adventures of an American in Britain (Notes From a Small Island #2),Â£23.21,In stock
2026-07-07 17:25:57,Neither Here nor There: Travels in Europe,Â£38.95,In stock
2026-07-07 17:25:57,"1,000 Places to See Before You Die",Â£26.08,In stock
2026-07-08 16:12:24,It's Only the Himalayas,Â£45.17,In stock
2026-07-08 16:12:24,Full Moon over Noahâs Ark: An Odyssey to Mount Ararat and Beyond,Â£49.43,In stock
2026-07-08 16:12:24,See America: A Celebration of Our National Parks & Treasured Sites,Â£48.87,In stock
2026-07-08 16:12:24,Vagabonding: An Uncommon Guide to the Art of Long-Term World Travel,Â£36.94,In stock
2026-07-08 16:12:24,Under the Tuscan Sun,Â£37.33,In stock
2026-07-08 16:12:24,A Summer In Europe,Â£44.34,In stock
2026-07-08 16:12:24,The Great Railway Bazaar,Â£30.54,In stock
2026-07-08 16:12:24,A Year in Provence (Provence #1),Â£56.88,In stock
2026-07-08 16:12:24,The Road to Little Dribbling: Adventures of an American in Britain (Notes From a Small Island #2),Â£23.21,In stock
2026-07-08 16:12:24,Neither Here nor There: Travels in Europe,Â£38.95,In stock
2026-07-08 16:12:24,"1,000 Places to See Before You Die",Â£26.08,In stock
2026-07-09 17:26:07,It's Only the Himalayas,Â£45.17,In stock
2026-07-09 17:26:07,Full Moon over Noahâs Ark: An Odyssey to Mount Ararat and Beyond,Â£49.43,In stock
2026-07-09 17:26:07,See America: A Celebration of Our National Parks & Treasured Sites,Â£48.87,In stock
2026-07-09 17:26:07,Vagabonding: An Uncommon Guide to the Art of Long-Term World Travel,Â£36.94,In stock
2026-07-09 17:26:07,Under the Tuscan Sun,Â£37.33,In stock
2026-07-09 17:26:07,A Summer In Europe,Â£44.34,In stock
2026-07-09 17:26:07,The Great Railway Bazaar,Â£30.54,In stock
2026-07-09 17:26:07,A Year in Provence (Provence #1),Â£56.88,In stock
2026-07-09 17:26:07,The Road to Little Dribbling: Adventures of an American in Britain (Notes From a Small Island #2),Â£23.21,In stock
2026-07-09 17:26:07,Neither Here nor There: Travels in Europe,Â£38.95,In stock
2026-07-09 17:26:07,"1,000 Places to See Before You Die",Â£26.08,In stock
2026-07-10 16:37:58,It's Only the Himalayas,Â£45.17,In stock
2026-07-10 16:37:58,Full Moon over Noahâs Ark: An Odyssey to Mount Ararat and Beyond,Â£49.43,In stock
2026-07-10 16:37:58,See America: A Celebration of Our National Parks & Treasured Sites,Â£48.87,In stock
2026-07-10 16:37:58,Vagabonding: An Uncommon Guide to the Art of Long-Term World Travel,Â£36.94,In stock
2026-07-10 16:37:58,Under the Tuscan Sun,Â£37.33,In stock
2026-07-10 16:37:58,A Summer In Europe,Â£44.34,In stock
2026-07-10 16:37:58,The Great Railway Bazaar,Â£30.54,In stock
2026-07-10 16:37:58,A Year in Provence (Provence #1),Â£56.88,In stock
2026-07-10 16:37:58,The Road to Little Dribbling: Adventures of an American in Britain (Notes From a Small Island #2),Â£23.21,In stock
2026-07-10 16:37:58,Neither Here nor There: Travels in Europe,Â£38.95,In stock
2026-07-10 16:37:58,"1,000 Places to See Before You Die",Â£26.08,In stock
2026-07-11 11:39:39,It's Only the Himalayas,Â£45.17,In stock
2026-07-11 11:39:39,Full Moon over Noahâs Ark: An Odyssey to Mount Ararat and Beyond,Â£49.43,In stock
2026-07-11 11:39:39,See America: A Celebration of Our National Parks & Treasured Sites,Â£48.87,In stock
2026-07-11 11:39:39,Vagabonding: An Uncommon Guide to the Art of Long-Term World Travel,Â£36.94,In stock
2026-07-11 11:39:39,Under the Tuscan Sun,Â£37.33,In stock
2026-07-11 11:39:39,A Summer In Europe,Â£44.34,In stock
2026-07-11 11:39:39,The Great Railway Bazaar,Â£30.54,In stock
2026-07-11 11:39:39,A Year in Provence (Provence #1),Â£56.88,In stock
2026-07-11 11:39:39,The Road to Little Dribbling: Adventures of an American in Britain (Notes From a Small Island #2),Â£23.21,In stock
2026-07-11 11:39:39,Neither Here nor There: Travels in Europe,Â£38.95,In stock
2026-07-11 11:39:39,"1,000 Places to See Before You Die",Â£26.08,In stock
2026-07-12 12:08:34,It's Only the Himalayas,Â£45.17,In stock
2026-07-12 12:08:34,Full Moon over Noahâs Ark: An Odyssey to Mount Ararat and Beyond,Â£49.43,In stock
2026-07-12 12:08:34,See America: A Celebration of Our National Parks & Treasured Sites,Â£48.87,In stock
2026-07-12 12:08:34,Vagabonding: An Uncommon Guide to the Art of Long-Term World Travel,Â£36.94,In stock
2026-07-12 12:08:34,Under the Tuscan Sun,Â£37.33,In stock
2026-07-12 12:08:34,A Summer In Europe,Â£44.34,In stock
2026-07-12 12:08:34,The Great Railway Bazaar,Â£30.54,In stock
2026-07-12 12:08:34,A Year in Provence (Provence #1),Â£56.88,In stock
2026-07-12 12:08:34,The Road to Little Dribbling: Adventures of an American in Britain (Notes From a Small Island #2),Â£23.21,In stock
2026-07-12 12:08:34,Neither Here nor There: Travels in Europe,Â£38.95,In stock
2026-07-12 12:08:34,"1,000 Places to See Before You Die",Â£26.08,In stock
2026-07-13 17:21:51,It's Only the Himalayas,Â£45.17,In stock
2026-07-13 17:21:51,Full Moon over Noahâs Ark: An Odyssey to Mount Ararat and Beyond,Â£49.43,In stock
2026-07-13 17:21:51,See America: A Celebration of Our National Parks & Treasured Sites,Â£48.87,In stock
2026-07-13 17:21:51,Vagabonding: An Uncommon Guide to the Art of Long-Term World Travel,Â£36.94,In stock
2026-07-13 17:21:51,Under the Tuscan Sun,Â£37.33,In stock
2026-07-13 17:21:51,A Summer In Europe,Â£44.34,In stock
2026-07-13 17:21:51,The Great Railway Bazaar,Â£30.54,In stock
2026-07-13 17:21:51,A Year in Provence (Provence #1),Â£56.88,In stock
2026-07-13 17:21:51,The Road to Little Dribbling: Adventures of an American in Britain (Notes From a Small Island #2),Â£23.21,In stock
2026-07-13 17:21:51,Neither Here nor There: Travels in Europe,Â£38.95,In stock
2026-07-13 17:21:51,"1,000 Places to See Before You Die",Â£26.08,In stock
2026-07-14 12:55:30,It's Only the Himalayas,Â£45.17,In stock
2026-07-14 12:55:30,Full Moon over Noahâs Ark: An Odyssey to Mount Ararat and Beyond,Â£49.43,In stock
2026-07-14 12:55:30,See America: A Celebration of Our National Parks & Treasured Sites,Â£48.87,In stock
2026-07-14 12:55:30,Vagabonding: An Uncommon Guide to the Art of Long-Term World Travel,Â£36.94,In stock
2026-07-14 12:55:30,Under the Tuscan Sun,Â£37.33,In stock
2026-07-14 12:55:30,A Summer In Europe,Â£44.34,In stock
2026-07-14 12:55:30,The Great Railway Bazaar,Â£30.54,In stock
2026-07-14 12:55:30,A Year in Provence (Provence #1),Â£56.88,In stock
2026-07-14 12:55:30,The Road to Little Dribbling: Adventures of an American in Britain (Notes From a Small Island #2),Â£23.21,In stock
2026-07-14 12:55:30,Neither Here nor There: Travels in Europe,Â£38.95,In stock
2026-07-14 12:55:30,"1,000 Places to See Before You Die",Â£26.08,In stock
2026-07-15 15:08:22,It's Only the Himalayas,Â£45.17,In stock
2026-07-15 15:08:22,Full Moon over Noahâs Ark: An Odyssey to Mount Ararat and Beyond,Â£49.43,In stock
2026-07-15 15:08:22,See America: A Celebration of Our National Parks & Treasured Sites,Â£48.87,In stock
2026-07-15 15:08:22,Vagabonding: An Uncommon Guide to the Art of Long-Term World Travel,Â£36.94,In stock
2026-07-15 15:08:22,Under the Tuscan Sun,Â£37.33,In stock
2026-07-15 15:08:22,A Summer In Europe,Â£44.34,In stock
2026-07-15 15:08:22,The Great Railway Bazaar,Â£30.54,In stock
2026-07-15 15:08:22,A Year in Provence (Provence #1),Â£56.88,In stock
2026-07-15 15:08:22,The Road to Little Dribbling: Adventures of an American in Britain (Notes From a Small Island #2),Â£23.21,In stock
2026-07-15 15:08:22,Neither Here nor There: Travels in Europe,Â£38.95,In stock
2026-07-15 15:08:22,"1,000 Places to See Before You Die",Â£26.08,In stock
2026-07-16 10:56:48,It's Only the Himalayas,Â£45.17,In stock
2026-07-16 10:56:48,Full Moon over Noahâs Ark: An Odyssey to Mount Ararat and Beyond,Â£49.43,In stock
2026-07-16 10:56:48,See America: A Celebration of Our National Parks & Treasured Sites,Â£48.87,In stock
2026-07-16 10:56:48,Vagabonding: An Uncommon Guide to the Art of Long-Term World Travel,Â£36.94,In stock
2026-07-16 10:56:48,Under the Tuscan Sun,Â£37.33,In stock
2026-07-16 10:56:48,A Summer In Europe,Â£44.34,In stock
2026-07-16 10:56:48,The Great Railway Bazaar,Â£30.54,In stock
2026-07-16 10:56:48,A Year in Provence (Provence #1),Â£56.88,In stock
2026-07-16 10:56:48,The Road to Little Dribbling: Adventures of an American in Britain (Notes From a Small Island #2),Â£23.21,In stock
2026-07-16 10:56:48,Neither Here nor There: Travels in Europe,Â£38.95,In stock
2026-07-16 10:56:48,"1,000 Places to See Before You Die",Â£26.08,In stock
2026-07-17 10:44:41,It's Only the Himalayas,Â£45.17,In stock
2026-07-17 10:44:41,Full Moon over Noahâs Ark: An Odyssey to Mount Ararat and Beyond,Â£49.43,In stock
2026-07-17 10:44:41,See America: A Celebration of Our National Parks & Treasured Sites,Â£48.87,In stock
2026-07-17 10:44:41,Vagabonding: An Uncommon Guide to the Art of Long-Term World Travel,Â£36.94,In stock
2026-07-17 10:44:41,Under the Tuscan Sun,Â£37.33,In stock
2026-07-17 10:44:41,A Summer In Europe,Â£44.34,In stock
2026-07-17 10:44:41,The Great Railway Bazaar,Â£30.54,In stock
2026-07-17 10:44:41,A Year in Provence (Provence #1),Â£56.88,In stock
2026-07-17 10:44:41,The Road to Little Dribbling: Adventures of an American in Britain (Notes From a Small Island #2),Â£23.21,In stock
2026-07-17 10:44:41,Neither Here nor There: Travels in Europe,Â£38.95,In stock
2026-07-17 10:44:41,"1,000 Places to See Before You Die",Â£26.08,In stock
2026-07-18 10:16:43,It's Only the Himalayas,Â£45.17,In stock
2026-07-18 10:16:43,Full Moon over Noahâs Ark: An Odyssey to Mount Ararat and Beyond,Â£49.43,In stock
2026-07-18 10:16:43,See America: A Celebration of Our National Parks & Treasured Sites,Â£48.87,In stock
2026-07-18 10:16:43,Vagabonding: An Uncommon Guide to the Art of Long-Term World Travel,Â£36.94,In stock
2026-07-18 10:16:43,Under the Tuscan Sun,Â£37.33,In stock
2026-07-18 10:16:43,A Summer In Europe,Â£44.34,In stock
2026-07-18 10:16:43,The Great Railway Bazaar,Â£30.54,In stock
2026-07-18 10:16:43,A Year in Provence (Provence #1),Â£56.88,In stock
2026-07-18 10:16:43,The Road to Little Dribbling: Adventures of an American in Britain (Notes From a Small Island #2),Â£23.21,In stock
2026-07-18 10:16:43,Neither Here nor There: Travels in Europe,Â£38.95,In stock
2026-07-18 10:16:43,"1,000 Places to See Before You Die",Â£26.08,In stock
2026-07-19 10:24:55,It's Only the Himalayas,Â£45.17,In stock
2026-07-19 10:24:55,Full Moon over Noahâs Ark: An Odyssey to Mount Ararat and Beyond,Â£49.43,In stock
2026-07-19 10:24:55,See America: A Celebration of Our National Parks & Treasured Sites,Â£48.87,In stock
2026-07-19 10:24:55,Vagabonding: An Uncommon Guide to the Art of Long-Term World Travel,Â£36.94,In stock
2026-07-19 10:24:55,Under the Tuscan Sun,Â£37.33,In stock
2026-07-19 10:24:55,A Summer In Europe,Â£44.34,In stock
2026-07-19 10:24:55,The Great Railway Bazaar,Â£30.54,In stock
2026-07-19 10:24:55,A Year in Provence (Provence #1),Â£56.88,In stock
2026-07-19 10:24:55,The Road to Little Dribbling: Adventures of an American in Britain (Notes From a Small Island #2),Â£23.21,In stock
2026-07-19 10:24:55,Neither Here nor There: Travels in Europe,Â£38.95,In stock
2026-07-19 10:24:55,"1,000 Places to See Before You Die",Â£26.08,In stock
2026-07-20 11:42:41,It's Only the Himalayas,Â£45.17,In stock
2026-07-20 11:42:41,Full Moon over Noahâs Ark: An Odyssey to Mount Ararat and Beyond,Â£49.43,In stock
2026-07-20 11:42:41,See America: A Celebration of Our National Parks & Treasured Sites,Â£48.87,In stock
2026-07-20 11:42:41,Vagabonding: An Uncommon Guide to the Art of Long-Term World Travel,Â£36.94,In stock
2026-07-20 11:42:41,Under the Tuscan Sun,Â£37.33,In stock
2026-07-20 11:42:41,A Summer In Europe,Â£44.34,In stock
2026-07-20 11:42:41,The Great Railway Bazaar,Â£30.54,In stock
2026-07-20 11:42:41,A Year in Provence (Provence #1),Â£56.88,In stock
2026-07-20 11:42:41,The Road to Little Dribbling: Adventures of an American in Britain (Notes From a Small Island #2),Â£23.21,In stock
2026-07-20 11:42:41,Neither Here nor There: Travels in Europe,Â£38.95,In stock
2026-07-20 11:42:41,"1,000 Places to See Before You Die",Â£26.08,In stock
2026-07-21 11:06:01,It's Only the Himalayas,Â£45.17,In stock
2026-07-21 11:06:01,Full Moon over Noahâs Ark: An Odyssey to Mount Ararat and Beyond,Â£49.43,In stock
2026-07-21 11:06:01,See America: A Celebration of Our National Parks & Treasured Sites,Â£48.87,In stock
2026-07-21 11:06:01,Vagabonding: An Uncommon Guide to the Art of Long-Term World Travel,Â£36.94,In stock
2026-07-21 11:06:01,Under the Tuscan Sun,Â£37.33,In stock
2026-07-21 11:06:01,A Summer In Europe,Â£44.34,In stock
2026-07-21 11:06:01,The Great Railway Bazaar,Â£30.54,In stock
2026-07-21 11:06:01,A Year in Provence (Provence #1),Â£56.88,In stock
2026-07-21 11:06:01,The Road to Little Dribbling: Adventures of an American in Britain (Notes From a Small Island #2),Â£23.21,In stock
2026-07-21 11:06:01,Neither Here nor There: Travels in Europe,Â£38.95,In stock
2026-07-21 11:06:01,"1,000 Places to See Before You Die",Â£26.08,In stock
2026-07-22 11:06:44,It's Only the Himalayas,Â£45.17,In stock
2026-07-22 11:06:44,Full Moon over Noahâs Ark: An Odyssey to Mount Ararat and Beyond,Â£49.43,In stock
2026-07-22 11:06:44,See America: A Celebration of Our National Parks & Treasured Sites,Â£48.87,In stock
2026-07-22 11:06:44,Vagabonding: An Uncommon Guide to the Art of Long-Term World Travel,Â£36.94,In stock
2026-07-22 11:06:44,Under the Tuscan Sun,Â£37.33,In stock
2026-07-22 11:06:44,A Summer In Europe,Â£44.34,In stock
2026-07-22 11:06:44,The Great Railway Bazaar,Â£30.54,In stock
2026-07-22 11:06:44,A Year in Provence (Provence #1),Â£56.88,In stock
2026-07-22 11:06:44,The Road to Little Dribbling: Adventures of an American in Britain (Notes From a Small Island #2),Â£23.21,In stock
2026-07-22 11:06:44,Neither Here nor There: Travels in Europe,Â£38.95,In stock
2026-07-22 11:06:44,"1,000 Places to See Before You Die",Â£26.08,In stock
2026-07-23 11:07:03,It's Only the Himalayas,Â£45.17,In stock
2026-07-23 11:07:03,Full Moon over Noahâs Ark: An Odyssey to Mount Ararat and Beyond,Â£49.43,In stock
2026-07-23 11:07:03,See America: A Celebration of Our National Parks & Treasured Sites,Â£48.87,In stock
2026-07-23 11:07:03,Vagabonding: An Uncommon Guide to the Art of Long-Term World Travel,Â£36.94,In stock
2026-07-23 11:07:03,Under the Tuscan Sun,Â£37.33,In stock
2026-07-23 11:07:03,A Summer In Europe,Â£44.34,In stock
2026-07-23 11:07:03,The Great Railway Bazaar,Â£30.54,In stock
2026-07-23 11:07:03,A Year in Provence (Provence #1),Â£56.88,In stock
2026-07-23 11:07:03,The Road to Little Dribbling: Adventures of an American in Britain (Notes From a Small Island #2),Â£23.21,In stock
2026-07-23 11:07:03,Neither Here nor There: Travels in Europe,Â£38.95,In stock
2026-07-23 11:07:03,"1,000 Places to See Before You Die",Â£26.08,In stock
2026-07-24 11:01:32,It's Only the Himalayas,Â£45.17,In stock
2026-07-24 11:01:32,Full Moon over Noahâs Ark: An Odyssey to Mount Ararat and Beyond,Â£49.43,In stock
2026-07-24 11:01:32,See America: A Celebration of Our National Parks & Treasured Sites,Â£48.87,In stock
2026-07-24 11:01:32,Vagabonding: An Uncommon Guide to the Art of Long-Term World Travel,Â£36.94,In stock
2026-07-24 11:01:32,Under the Tuscan Sun,Â£37.33,In stock
2026-07-24 11:01:32,A Summer In Europe,Â£44.34,In stock
2026-07-24 11:01:32,The Great Railway Bazaar,Â£30.54,In stock
2026-07-24 11:01:32,A Year in Provence (Provence #1),Â£56.88,In stock
2026-07-24 11:01:32,The Road to Little Dribbling: Adventures of an American in Britain (Notes From a Small Island #2),Â£23.21,In stock
2026-07-24 11:01:32,Neither Here nor There: Travels in Europe,Â£38.95,In stock
2026-07-24 11:01:32,"1,000 Places to See Before You Die",Â£26.08,In stock
2026-07-25 10:24:50,It's Only the Himalayas,Â£45.17,In stock
2026-07-25 10:24:50,Full Moon over Noahâs Ark: An Odyssey to Mount Ararat and Beyond,Â£49.43,In stock
2026-07-25 10:24:50,See America: A Celebration of Our National Parks & Treasured Sites,Â£48.87,In stock
2026-07-25 10:24:50,Vagabonding: An Uncommon Guide to the Art of Long-Term World Travel,Â£36.94,In stock
2026-07-25 10:24:50,Under the Tuscan Sun,Â£37.33,In stock
2026-07-25 10:24:50,A Summer In Europe,Â£44.34,In stock
2026-07-25 10:24:50,The Great Railway Bazaar,Â£30.54,In stock
2026-07-25 10:24:50,A Year in Provence (Provence #1),Â£56.88,In stock
2026-07-25 10:24:50,The Road to Little Dribbling: Adventures of an American in Britain (Notes From a Small Island #2),Â£23.21,In stock
2026-07-25 10:24:50,Neither Here nor There: Travels in Europe,Â£38.95,In stock
2026-07-25 10:24:50,"1,000 Places to See Before You Die",Â£26.08,In stock
2026-07-26 10:42:46,It's Only the Himalayas,Â£45.17,In stock
2026-07-26 10:42:46,Full Moon over Noahâs Ark: An Odyssey to Mount Ararat and Beyond,Â£49.43,In stock
2026-07-26 10:42:46,See America: A Celebration of Our National Parks & Treasured Sites,Â£48.87,In stock
2026-07-26 10:42:46,Vagabonding: An Uncommon Guide to the Art of Long-Term World Travel,Â£36.94,In stock
2026-07-26 10:42:46,Under the Tuscan Sun,Â£37.33,In stock
2026-07-26 10:42:46,A Summer In Europe,Â£44.34,In stock
2026-07-26 10:42:46,The Great Railway Bazaar,Â£30.54,In stock
2026-07-26 10:42:46,A Year in Provence (Provence #1),Â£56.88,In stock
2026-07-26 10:42:46,The Road to Little Dribbling: Adventures of an American in Britain (Notes From a Small Island #2),Â£23.21,In stock
2026-07-26 10:42:46,Neither Here nor There: Travels in Europe,Â£38.95,In stock
2026-07-26 10:42:46,"1,000 Places to See Before You Die",Â£26.08,In stock
2026-07-27 12:19:41,It's Only the Himalayas,Â£45.17,In stock
2026-07-27 12:19:41,Full Moon over Noahâs Ark: An Odyssey to Mount Ararat and Beyond,Â£49.43,In stock
2026-07-27 12:19:41,See America: A Celebration of Our National Parks & Treasured Sites,Â£48.87,In stock
2026-07-27 12:19:41,Vagabonding: An Uncommon Guide to the Art of Long-Term World Travel,Â£36.94,In stock
2026-07-27 12:19:41,Under the Tuscan Sun,Â£37.33,In stock
2026-07-27 12:19:41,A Summer In Europe,Â£44.34,In stock
2026-07-27 12:19:41,The Great Railway Bazaar,Â£30.54,In stock
2026-07-27 12:19:41,A Year in Provence (Provence #1),Â£56.88,In stock
2026-07-27 12:19:41,The Road to Little Dribbling: Adventures of an American in Britain (Notes From a Small Island #2),Â£23.21,In stock
2026-07-27 12:19:41,Neither Here nor There: Travels in Europe,Â£38.95,In stock
2026-07-27 12:19:41,"1,000 Places to See Before You Die",Â£26.08,In stock
2026-07-28 11:14:47,It's Only the Himalayas,Â£45.17,In stock
2026-07-28 11:14:47,Full Moon over Noahâs Ark: An Odyssey to Mount Ararat and Beyond,Â£49.43,In stock
2026-07-28 11:14:47,See America: A Celebration of Our National Parks & Treasured Sites,Â£48.87,In stock
2026-07-28 11:14:47,Vagabonding: An Uncommon Guide to the Art of Long-Term World Travel,Â£36.94,In stock
2026-07-28 11:14:47,Under the Tuscan Sun,Â£37.33,In stock
2026-07-28 11:14:47,A Summer In Europe,Â£44.34,In stock
2026-07-28 11:14:47,The Great Railway Bazaar,Â£30.54,In stock
2026-07-28 11:14:47,A Year in Provence (Provence #1),Â£56.88,In stock
2026-07-28 11:14:47,The Road to Little Dribbling: Adventures of an American in Britain (Notes From a Small Island #2),Â£23.21,In stock
2026-07-28 11:14:47,Neither Here nor There: Travels in Europe,Â£38.95,In stock
2026-07-28 11:14:47,"1,000 Places to See Before You Die",Â£26.08,In stock
2026-07-29 11:23:40,It's Only the Himalayas,Â£45.17,In stock
2026-07-29 11:23:40,Full Moon over Noahâs Ark: An Odyssey to Mount Ararat and Beyond,Â£49.43,In stock
2026-07-29 11:23:40,See America: A Celebration of Our National Parks & Treasured Sites,Â£48.87,In stock
2026-07-29 11:23:40,Vagabonding: An Uncommon Guide to the Art of Long-Term World Travel,Â£36.94,In stock
2026-07-29 11:23:40,Under the Tuscan Sun,Â£37.33,In stock
2026-07-29 11:23:40,A Summer In Europe,Â£44.34,In stock
2026-07-29 11:23:40,The Great Railway Bazaar,Â£30.54,In stock
2026-07-29 11:23:40,A Year in Provence (Provence #1),Â£56.88,In stock
2026-07-29 11:23:40,The Road to Little Dribbling: Adventures of an American in Britain (Notes From a Small Island #2),Â£23.21,In stock
2026-07-29 11:23:40,Neither Here nor There: Travels in Europe,Â£38.95,In stock
2026-07-29 11:23:40,"1,000 Places to See Before You Die",Â£26.08,In stock
2026-07-30 11:04:44,It's Only the Himalayas,Â£45.17,In stock
2026-07-30 11:04:44,Full Moon over Noahâs Ark: An Odyssey to Mount Ararat and Beyond,Â£49.43,In stock
2026-07-30 11:04:44,See America: A Celebration of Our National Parks & Treasured Sites,Â£48.87,In stock
2026-07-30 11:04:44,Vagabonding: An Uncommon Guide to the Art of Long-Term World Travel,Â£36.94,In stock
2026-07-30 11:04:44,Under the Tuscan Sun,Â£37.33,In stock
2026-07-30 11:04:44,A Summer In Europe,Â£44.34,In stock
2026-07-30 11:04:44,The Great Railway Bazaar,Â£30.54,In stock
2026-07-30 11:04:44,A Year in Provence (Provence #1),Â£56.88,In stock
2026-07-30 11:04:44,The Road to Little Dribbling: Adventures of an American in Britain (Notes From a Small Island #2),Â£23.21,In stock
2026-07-30 11:04:44,Neither Here nor There: Travels in Europe,Â£38.95,In stock
2026-07-30 11:04:44,"1,000 Places to See Before You Die",Â£26.08,In stock
2026-07-31 11:27:16,It's Only the Himalayas,Â£45.17,In stock
2026-07-31 11:27:16,Full Moon over Noahâs Ark: An Odyssey to Mount Ararat and Beyond,Â£49.43,In stock
2026-07-31 11:27:16,See America: A Celebration of Our National Parks & Treasured Sites,Â£48.87,In stock
2026-07-31 11:27:16,Vagabonding: An Uncommon Guide to the Art of Long-Term World Travel,Â£36.94,In stock
2026-07-31 11:27:16,Under the Tuscan Sun,Â£37.33,In stock
2026-07-31 11:27:16,A Summer In Europe,Â£44.34,In stock
2026-07-31 11:27:16,The Great Railway Bazaar,Â£30.54,In stock
2026-07-31 11:27:16,A Year in Provence (Provence #1),Â£56.88,In stock
2026-07-31 11:27:16,The Road to Little Dribbling: Adventures of an American in Britain (Notes From a Small Island #2),Â£23.21,In stock
2026-07-31 11:27:16,Neither Here nor There: Travels in Europe,Â£38.95,In stock
2026-07-31 11:27:16,"1,000 Places to See Before You Die",Â£26.08,In stock
2026-08-01 10:38:24,It's Only the Himalayas,Â£45.17,In stock
2026-08-01 10:38:24,Full Moon over Noahâs Ark: An Odyssey to Mount Ararat and Beyond,Â£49.43,In stock
2026-08-01 10:38:24,See America: A Celebration of Our National Parks & Treasured Sites,Â£48.87,In stock
2026-08-01 10:38:24,Vagabonding: An Uncommon Guide to the Art of Long-Term World Travel,Â£36.94,In stock
2026-08-01 10:38:24,Under the Tuscan Sun,Â£37.33,In stock
2026-08-01 10:38:24,A Summer In Europe,Â£44.34,In stock
2026-08-01 10:38:24,The Great Railway Bazaar,Â£30.54,In stock
2026-08-01 10:38:24,A Year in Provence (Provence #1),Â£56.88,In stock
2026-08-01 10:38:24,The Road to Little Dribbling: Adventures of an American in Britain (Notes From a Small Island #2),Â£23.21,In stock
2026-08-01 10:38:24,Neither Here nor There: Travels in Europe,Â£38.95,In stock
2026-08-01 10:38:24,"1,000 Places to See Before You Die",Â£26.08,In stock
